{"cameraMode":{"drawMode":0,"name":"Shaded","section":"Shading Mode"},"sceneLighting":true,"audioPlay":false,"sceneViewState":{"showFog":true,"showMaterialUpdate":false,"showSkybox":true,"showFlares":true,"showImageEffects":true,"showParticleSystems":true},"in2DMode":false,"pivot":{"x":0.4643546938896179,"y":0.04464908689260483,"z":0.08379387110471726},"rotation":{"x":0.19746848940849305,"y":-0.035286739468574527,"z":0.007113057188689709,"w":0.979688286781311},"size":0.1101115345954895,"orthographic":false}